{
  "clipArea": null,
  "id": 8,
  "maxValue": 0.1653,
  "minValue": 0.065826,
  "maxX": 100,
  "maxY": 100,
  "maxZ": 100,
  "minX": 0,
  "minY": 0,
  "minZ": 0,
  "name": "example1",
  "vectorData": [
    11.147694652121962,
    0.1860045842733144,
    0.1653,
    0.37786209897805023,
    1.0989602498386006,
    0.065826,
    0.2850586935029181,
    0.5976722061007982
  ],
  "vertexData": [
    0,0,0,
    0,100,0,
    100,100,0,
    100,0,0,
    0,0,100,
    0,100,100,
    100,100,100,
    100,0,100
  ],
  "indexData": [
    0, 1, 2, 2, 3, 0,
    4,7,6,6,5,4
  ],
  "edgeData": [
    0, 1, 1, 2, 2, 3, 3, 0,
    4, 7, 7, 6,6, 5, 5, 4
  ]
}